[{"pk": 1, "model": "Calendar.application", "fields": {"appname": "ATLAS"}}, {"pk": 2, "model": "Calendar.application", "fields": {"appname": "DARWIN"}}, {"pk": 3, "model": "Calendar.application", "fields": {"appname": "ODS"}}, {"pk": 4, "model": "Calendar.application", "fields": {"appname": "SECLI"}}, {"pk": 1, "model": "Calendar.envs", "fields": {"applications": [1, 2], "name": "ENV1"}}, {"pk": 2, "model": "Calendar.envs", "fields": {"applications": [1, 2, 3, 4], "name": "ENV2"}}, {"pk": 3, "model": "Calendar.envs", "fields": {"applications": [1, 2, 3, 4], "name": "ENV3"}}, {"pk": 4, "model": "Calendar.envs", "fields": {"applications": [1, 2, 3], "name": "ENV4"}}, {"pk": 5, "model": "Calendar.request", "fields": {"end": "2014-12-04", "reference": "histo", "start": "2014-10-31", "title": "testhisto", "apps": [1, 3, 4], "batchs": false, "refresh": true, "trigram": "aef", "version": "Release", "daterefresh": "2014-10-09", "env": 1, "batchType": "A la demande", "date_creation": "2014-10-31T09:34:14.972Z", "comments": "test"}}, {"pk": 4, "model": "Calendar.request", "fields": {"end": "2014-11-04", "reference": "ev1", "start": "2014-10-30", "title": "testEV1", "apps": [1], "batchs": false, "refresh": false, "trigram": "aef", "version": "Prod", "daterefresh": null, "env": 1, "batchType": "A la demande", "date_creation": "2014-10-30T13:13:47.553Z", "comments": ""}}, {"pk": 3, "model": "Calendar.request", "fields": {"end": "2014-11-12", "reference": "perf ATLA", "start": "2014-11-04", "title": "TestPerf ATLAS", "apps": [1, 2, 3], "batchs": false, "refresh": false, "trigram": "aez", "version": "Release", "daterefresh": null, "env": 2, "batchType": "Aucun", "date_creation": "2014-10-29T15:39:19.267Z", "comments": ""}}, {"pk": 1, "model": "Calendar.request", "fields": {"end": "2014-11-14", "reference": "ETL", "start": "2014-10-30", "title": "Int\u00e9gration ETL", "apps": [2, 3, 4], "batchs": false, "refresh": false, "trigram": "aef", "version": "Prod", "daterefresh": null, "env": 2, "batchType": "Aucun", "date_creation": "2014-10-29T15:37:58.149Z", "comments": ""}}, {"pk": 49, "model": "Calendar.history", "fields": {"datemodif": "2014-11-03T08:28:31.723Z", "request": 3, "valuebefore": "False", "fieldmodified": "refresh", "valueafter": "on"}}, {"pk": 48, "model": "Calendar.history", "fields": {"datemodif": "2014-11-03T08:22:53.527Z", "request": 3, "valuebefore": "ATLAS, DARWIN", "fieldmodified": "apps", "valueafter": "ATLAS, DARWIN, ODS"}}, {"pk": 47, "model": "Calendar.history", "fields": {"datemodif": "2014-11-03T08:22:53.515Z", "request": 3, "valuebefore": "Prod", "fieldmodified": "version", "valueafter": "Release"}}, {"pk": 46, "model": "Calendar.history", "fields": {"datemodif": "2014-11-03T08:22:53.508Z", "request": 3, "valuebefore": "2014-11-21", "fieldmodified": "end", "valueafter": "2014-11-12"}}, {"pk": 45, "model": "Calendar.history", "fields": {"datemodif": "2014-11-03T08:22:53.503Z", "request": 3, "valuebefore": "2014-11-10", "fieldmodified": "start", "valueafter": "2014-11-04"}}, {"pk": 44, "model": "Calendar.history", "fields": {"datemodif": "2014-11-03T08:22:53.490Z", "request": 3, "valuebefore": "aef", "fieldmodified": "trigram", "valueafter": "aez"}}, {"pk": 43, "model": "Calendar.history", "fields": {"datemodif": "2014-11-03T08:22:37.276Z", "request": 3, "valuebefore": "False", "fieldmodified": "refresh", "valueafter": "on"}}, {"pk": 42, "model": "Calendar.history", "fields": {"datemodif": "2014-11-03T08:22:23.996Z", "request": 3, "valuebefore": "False", "fieldmodified": "refresh", "valueafter": "on"}}, {"pk": 41, "model": "Calendar.history", "fields": {"datemodif": "2014-11-03T08:22:23.991Z", "request": 3, "valuebefore": "aef", "fieldmodified": "trigram", "valueafter": "aez"}}, {"pk": 40, "model": "Calendar.history", "fields": {"datemodif": "2014-11-03T08:21:52.425Z", "request": 3, "valuebefore": "False", "fieldmodified": "refresh", "valueafter": "on"}}, {"pk": 39, "model": "Calendar.history", "fields": {"datemodif": "2014-11-03T08:21:52.420Z", "request": 3, "valuebefore": "Prod", "fieldmodified": "version", "valueafter": "Release"}}, {"pk": 38, "model": "Calendar.history", "fields": {"datemodif": "2014-11-03T08:21:52.414Z", "request": 3, "valuebefore": "2014-11-21", "fieldmodified": "end", "valueafter": "2014-11-20"}}, {"pk": 37, "model": "Calendar.history", "fields": {"datemodif": "2014-11-03T08:21:52.408Z", "request": 3, "valuebefore": "2014-11-10", "fieldmodified": "start", "valueafter": "2014-11-04"}}, {"pk": 36, "model": "Calendar.history", "fields": {"datemodif": "2014-11-03T08:20:37.073Z", "request": 3, "valuebefore": "Test Perf ATLAS", "fieldmodified": "title", "valueafter": "TestPerf ATLAS"}}, {"pk": 35, "model": "Calendar.history", "fields": {"datemodif": "2014-11-03T08:20:04.724Z", "request": 3, "valuebefore": "perf ATLAS", "fieldmodified": "reference", "valueafter": "perf ATLA"}}, {"pk": 34, "model": "Calendar.history", "fields": {"datemodif": "2014-10-31T13:54:43.606Z", "request": 3, "valuebefore": "True", "fieldmodified": "batchs", "valueafter": "False"}}, {"pk": 33, "model": "Calendar.history", "fields": {"datemodif": "2014-10-31T13:53:45.406Z", "request": 3, "valuebefore": "Aucun", "fieldmodified": "batchType", "valueafter": "Journalier"}}, {"pk": 32, "model": "Calendar.history", "fields": {"datemodif": "2014-10-31T13:53:45.393Z", "request": 3, "valuebefore": "False", "fieldmodified": "batchs", "valueafter": "on"}}, {"pk": 31, "model": "Calendar.history", "fields": {"datemodif": "2014-10-31T13:53:33.015Z", "request": 3, "valuebefore": "True", "fieldmodified": "batchs", "valueafter": "False"}}, {"pk": 30, "model": "Calendar.history", "fields": {"datemodif": "2014-10-31T13:53:23.333Z", "request": 3, "valuebefore": "False", "fieldmodified": "batchs", "valueafter": "on"}}, {"pk": 29, "model": "Calendar.history", "fields": {"datemodif": "2014-10-31T13:49:44.664Z", "request": 3, "valuebefore": "False", "fieldmodified": "batchs", "valueafter": "on"}}, {"pk": 28, "model": "Calendar.history", "fields": {"datemodif": "2014-10-31T13:49:19.577Z", "request": 3, "valuebefore": "True", "fieldmodified": "batchs", "valueafter": "False"}}, {"pk": 27, "model": "Calendar.history", "fields": {"datemodif": "2014-10-31T13:49:03.379Z", "request": 3, "valuebefore": "False", "fieldmodified": "batchs", "valueafter": "on"}}, {"pk": 26, "model": "Calendar.history", "fields": {"datemodif": "2014-10-31T13:48:17.922Z", "request": 3, "valuebefore": "False", "fieldmodified": "batchs", "valueafter": "on"}}, {"pk": 25, "model": "Calendar.history", "fields": {"datemodif": "2014-10-31T13:47:55.364Z", "request": 3, "valuebefore": "False", "fieldmodified": "batchs", "valueafter": "on"}}, {"pk": 24, "model": "Calendar.history", "fields": {"datemodif": "2014-10-31T13:47:19.530Z", "request": 3, "valuebefore": "False", "fieldmodified": "batchs", "valueafter": "on"}}, {"pk": 23, "model": "Calendar.history", "fields": {"datemodif": "2014-10-31T13:30:03.405Z", "request": 3, "valuebefore": "True", "fieldmodified": "batchs", "valueafter": "False"}}, {"pk": 22, "model": "Calendar.history", "fields": {"datemodif": "2014-10-31T13:29:53.705Z", "request": 3, "valuebefore": "Aucun", "fieldmodified": "batchType", "valueafter": "A la demande"}}, {"pk": 21, "model": "Calendar.history", "fields": {"datemodif": "2014-10-31T13:29:48.582Z", "request": 3, "valuebefore": "False", "fieldmodified": "batchs", "valueafter": "on"}}, {"pk": 20, "model": "Calendar.history", "fields": {"datemodif": "2014-10-31T13:29:40.026Z", "request": 3, "valuebefore": "True", "fieldmodified": "batchs", "valueafter": "False"}}, {"pk": 19, "model": "Calendar.history", "fields": {"datemodif": "2014-10-31T13:29:35.645Z", "request": 3, "valuebefore": "False", "fieldmodified": "batchs", "valueafter": "on"}}, {"pk": 18, "model": "Calendar.history", "fields": {"datemodif": "2014-10-31T13:28:53.568Z", "request": 3, "valuebefore": "True", "fieldmodified": "batchs", "valueafter": "False"}}, {"pk": 17, "model": "Calendar.history", "fields": {"datemodif": "2014-10-31T13:28:47.765Z", "request": 3, "valuebefore": "Journalier", "fieldmodified": "batchType", "valueafter": "Aucun"}}, {"pk": 16, "model": "Calendar.history", "fields": {"datemodif": "2014-10-31T13:28:47.748Z", "request": 3, "valuebefore": "False", "fieldmodified": "batchs", "valueafter": "on"}}, {"pk": 15, "model": "Calendar.history", "fields": {"datemodif": "2014-10-31T13:28:31.037Z", "request": 3, "valuebefore": "True", "fieldmodified": "batchs", "valueafter": "False"}}, {"pk": 14, "model": "Calendar.history", "fields": {"datemodif": "2014-10-31T13:28:22.273Z", "request": 3, "valuebefore": "False", "fieldmodified": "batchs", "valueafter": "on"}}, {"pk": 13, "model": "Calendar.history", "fields": {"datemodif": "2014-10-31T13:27:46.768Z", "request": 3, "valuebefore": "True", "fieldmodified": "batchs", "valueafter": "False"}}, {"pk": 12, "model": "Calendar.history", "fields": {"datemodif": "2014-10-31T13:27:38.093Z", "request": 3, "valuebefore": "False", "fieldmodified": "batchs", "valueafter": "on"}}, {"pk": 11, "model": "Calendar.history", "fields": {"datemodif": "2014-10-31T13:26:49.506Z", "request": 3, "valuebefore": "True", "fieldmodified": "batchs", "valueafter": "False"}}, {"pk": 10, "model": "Calendar.history", "fields": {"datemodif": "2014-10-31T13:26:39.220Z", "request": 3, "valuebefore": "False", "fieldmodified": "batchs", "valueafter": "on"}}, {"pk": 9, "model": "Calendar.history", "fields": {"datemodif": "2014-10-31T13:25:28.799Z", "request": 3, "valuebefore": "True", "fieldmodified": "batchs", "valueafter": "False"}}, {"pk": 8, "model": "Calendar.history", "fields": {"datemodif": "2014-10-31T13:11:14.017Z", "request": 3, "valuebefore": "False", "fieldmodified": "batchs", "valueafter": "on"}}, {"pk": 7, "model": "Calendar.history", "fields": {"datemodif": "2014-10-31T13:10:42.899Z", "request": 3, "valuebefore": "A la demande", "fieldmodified": "batchType", "valueafter": "Journalier"}}, {"pk": 6, "model": "Calendar.history", "fields": {"datemodif": "2014-10-31T13:10:42.885Z", "request": 3, "valuebefore": "True", "fieldmodified": "batchs", "valueafter": "False"}}, {"pk": 5, "model": "Calendar.history", "fields": {"datemodif": "2014-10-31T13:04:04.934Z", "request": 4, "valuebefore": "True", "fieldmodified": "batchs", "valueafter": "False"}}, {"pk": 4, "model": "Calendar.history", "fields": {"datemodif": "2014-10-31T12:52:25.326Z", "request": 5, "valuebefore": "True", "fieldmodified": "batchs", "valueafter": "False"}}, {"pk": 3, "model": "Calendar.history", "fields": {"datemodif": "2014-10-31T12:50:39.983Z", "request": 5, "valuebefore": "Journalier", "fieldmodified": "batchType", "valueafter": "A la demande"}}, {"pk": 2, "model": "Calendar.history", "fields": {"datemodif": "2014-10-31T12:26:52.361Z", "request": 5, "valuebefore": "2014-10-08", "fieldmodified": "daterefresh", "valueafter": "2014-10-09"}}, {"pk": 1, "model": "Calendar.history", "fields": {"datemodif": "2014-10-31T12:26:26.031Z", "request": 5, "valuebefore": "2014-12-05", "fieldmodified": "end", "valueafter": "2014-12-04"}}]